구,동,학교명,학업성취도,도로명주소,X좌표(경도),Y좌표(위도)
강남구,수서동,대왕중학교,97.6,서울 강남구 광평로20길 7,127.087353806198,37.4834925762005
광진구,광장동,광남중학교,97.6,서울 광진구 아차산로70길 17-62,127.10141469495024,37.54045812903372
강남구,압구정1동,압구정중학교,97.6,서울 강남구 압구정로 225,127.032931415938,37.5302500040615
송파구,방이동,오륜중학교,97.2,서울 송파구 양재대로 1242,127.138818061205,37.5161966686144
강남구,대치동,대청중학교,97.1,서울 강남구 양재천로 321,127.058315194339,37.4905059032003
양천구,목동,목운중학교,96.4,서울 양천구 목동동로 235,126.872601748812,37.5269458807837
양천구,목동,월촌중학교,95.8,서울 양천구 목동서로 31,126.882883959807,37.5379235048484
서초구,서초동,서운중학교,95.5,서울 서초구 서운로 115,127.02462442295,37.4939920132111
강남구,대치동,대명중학교,95.2,서울 강남구 역삼로87길 26,127.060811228534,37.5064164147914
양천구,목동,신목중학교,95.0,서울 양천구 목동중앙로 88,126.87289237500104,37.537015777274874
강남구,압구정동,신사중학교,94.8,서울 강남구 압구정로 123,127.020923936058,37.5246485099653
송파구,신천동,잠실중학교,94.7,서울 송파구 올림픽로35길 130,127.099139508179,37.5175845381267
강남구,대치동,단국대학교사범대학부속중학교,94.6,서울 강남구 도곡로64길 21,127.056934898397,37.495440491239
강남구,역삼동,역삼중학교,94.3,서울 강남구 도곡로43길 10,127.048653069784,37.4959811922548
종로구,홍지동,상명대학교사범대학부속여자중학교,94.2,서울 종로구 홍지문2길 20,126.954158391566,37.6028191141733
강남구,도곡동,도곡중학교,94.2,서울 강남구 언주로57길 31,127.045050332033,37.4923894053704
강남구,개포동,구룡중학교,94.2,서울 강남구 선릉로 103,127.056299149592,37.4861027549873
양천구,신정7동,봉영여자중학교,94.1,서울 양천구 목동동로2길 68,126.861389851673,37.5089744686272
서초구,반포동,원촌중학교,94.1,서울 서초구 사평대로45길 10,127.013974530041,37.5063123083352
서초구,반포동,세화여자중학교,94.0,서울 서초구 신반포로 56-7,126.994236798703,37.5020061881176
서초구,서초동,서일중학교,93.8,서울 서초구 서운로21길 2,127.022079400122,37.4992616030084
동작구,대방동,숭의여자중학교,93.7,서울 동작구 여의대방로36길 79,126.928926595857,37.508324420286
강남구,역삼동,진선여자중학교,93.7,서울 강남구 선릉로85길 27,127.048394816421,37.5023351938448
광진구,광장동,양진중학교,93.5,서울 광진구 워커힐로 32,127.0981665329,37.5450730890035
양천구,신정동,목일중학교,93.3,서울 양천구 목동동로8길 70,126.874190137821,37.5134469624798
송파구,잠실2동,잠신중학교,93.1,서울 송파구 잠실로 12,127.08794846536,37.5162238762902
도봉구,창동,노곡중학교,92.7,서울 도봉구 노해로70길 95,127.053438999837,37.6483986432408
서초구,반포동,신반포중학교,92.7,서울 서초구 신반포로19길 26,126.995788204283,37.5060211341774
강남구,삼성동,언주중학교,92.1,서울 강남구 선릉로116길 57,127.046656322962,37.5146508261771
송파구,잠실동,신천중학교,92.1,서울 송파구 백제고분로 11,127.078578189811,37.5163133740326
서초구,잠원동,경원중학교,92.1,서울 서초구 신반포로33길 39,127.008876555062,37.5108250335308
강서구,내발산동,명덕여자중학교,91.9,서울 강서구 강서로47길 34-10,126.834984284282,37.553377870946
강남구,도곡동,숙명여자중학교,91.8,서울 강남구 남부순환로 2807,127.051662235954,37.491074832434
노원구,중계1동,을지중학교,91.5,서울 노원구 덕릉로 580,127.07173361925,37.6496142747356
서초구,방배동,서문여자중학교,91.5,서울 서초구 동광로12길 84,126.984572356066,37.4888001653328
서초구,잠원동,신동중학교,91.2,서울 서초구 나루터로 27,127.013338476041,37.516569415617
서초구,반포동,반포중학교,91.1,서울 서초구 신반포로19길 26,126.995788204283,37.5060211341774
도봉구,쌍문동,선덕중학교,91.0,서울 도봉구 시루봉로 53,127.026767692231,37.656383209411
용산구,이촌동,용강중학교,90.9,서울 용산구 이촌로65가길 91,126.975742163838,37.5213177666955
마포구,염리동,서울여자중학교,90.9,서울 마포구 백범로25길 34,126.948365951913,37.5486489360035
강남구,삼성동,봉은중학교,90.5,서울 강남구 영동대로128길 59,127.062558978367,37.5190511827547
양천구,목동,양정중학교,90.4,서울 양천구 안양천로 1039,126.886911269718,37.5354010260506
서초구,서초동,서초중학교,90.3,서울 서초구 반포대로13길 48,127.008905233064,37.4856364966358
용산구,원효로4가,성심여자중학교,90.3,서울 용산구 원효로19길 49,126.954856428038,37.534559960631
노원구,중계동,상명중학교,90.2,서울 노원구 덕릉로 553,127.068043822852,37.649367789318
서대문구,천연동,동명여자중학교,90.0,서울 서대문구 독립문로 49,126.962279447993,37.5686635440554
강동구,고덕동,명일중학교,89.9,서울 강동구 양재대로156길 57,127.14803094449118,37.557281881071226
강남구,역삼동,휘문중학교,89.9,서울 강남구 역삼로 541,127.0617854310812,37.50555094438292
구로구,신도림동,신도림중학교,89.9,서울 구로구 경인로63길 74,126.885455445115,37.5107698288355
영등포구,여의도동,여의도중학교,89.8,서울 영등포구 국제금융로7길 46,126.935916575272,37.5238869479527
서초구,반포동,방배중학교,89.7,서울 서초구 동광로 144,126.9985751800111,37.494250456914585
성북구,성북동,동구여자중학교,88.8,서울 성북구 성북로8길 71,127.007731488322,37.59425753692
노원구,하계동,불암중학교,88.8,서울 노원구 한글비석로5길 45,127.073552051531,37.6458722722225
성북구,돈암동,개운중학교,88.7,서울 성북구 북악산로 935,127.024825161995,37.5947236950851
동작구,신대방동,대방중학교,88.6,서울 동작구 여의대방로10길 24,126.913844476081,37.4954840634257
강남구,도곡동,대치중학교,88.5,서울 강남구 남부순환로378길 39,127.047420035224,37.4845785423122
강서구,염창동,염창중학교,88.5,서울 강서구 양천로67가길 83,126.871514894022,37.5537908804043
송파구,가락동,가원중학교,88.4,서울 송파구 중대로10길 40-18,127.123053633152,37.4908634663605
강남구,도곡동,은성중학교,88.1,서울 강남구 남부순환로359길 36,127.036110378508,37.4877000285748
영등포구,당산동5가,당산서중학교,88.1,서울 영등포구 당산로41길 12,126.898704612312,37.5325609648934
성북구,길음동,길음중학교,88.0,서울 성북구 길음로 144,127.017025597528,37.6142116924722
성북구,돈암동,성신여자중학교,88.0,서울 성북구 북악산로 918,127.02324069152935,37.593619401884794
송파구,방이동,보성중학교,87.8,서울 송파구 양재대로 1278,127.13507707581593,37.52041950058879
은평구,진관동,신도중학교,87.8,서울 은평구 진관1로 77-30,126.930783894779,37.6329151329028
서초구,방배동,동덕여자중학교,87.7,서울 서초구 효령로2길 123-5,126.991457698819,37.4758479609232
노원구,중계동,중계중학교,87.6,서울 노원구 덕릉로76길 23,127.075265963927,37.6555081039944
강서구,가양동,성재중학교,87.6,서울 강서구 허준로 36,126.845285559338,37.5695412682135
송파구,잠실7동,정신여자중학교,87.4,서울 송파구 올림픽로4길 16,127.073544236134,37.5090184833342
송파구,방이동,방산중학교,87.4,서울 송파구 오금로29길 31,127.12186899107446,37.50919655400462
강동구,상일동,한영중학교,87.4,서울 강동구 동남로 832,127.157370212969,37.5492004725333
강서구,내발산동,화곡중학교,87.3,서울 강서구 강서로45길 70,126.833230287436,37.5482361176441
종로구,필운동,배화여자중학교,87.2,서울 종로구 필운대로1길 34,126.96703331718474,37.57950573613586
노원구,하계동,중평중학교,87.1,서울 노원구 동일로203길 87,127.062426570581,37.6369517309036
양천구,신정동,목동중학교,87.1,서울 양천구 목동동로 172,126.871453544239,37.5209727962313
강남구,개포동,개원중학교,87.0,서울 강남구 영동대로 101,127.071206950726,37.4917422265598
송파구,송파동,가락중학교,86.7,서울 송파구 송이로 45,127.118843114504,37.5025484202424
강서구,내발산1동,덕원중학교,86.6,서울 강서구 강서로45길 91-44,126.829505877487,37.549830970476
마포구,상암동,상암중학교,86.5,서울 마포구 상암산로1길 26,126.888144865456,37.5790897397893
노원구,공릉동,태랑중학교,86.4,서울 노원구 화랑로51나길 51,127.091363832297,37.6268670596942
강동구,암사동,강일중학교,86.4,서울 강동구 고덕로27길 12,127.138324886713,37.5554015577855
중랑구,묵동,원묵중학교,86.3,서울 중랑구 신내로23길 57,127.084525070928,37.6179019287047
서대문구,대신동,이화여자대학교사범대학부속이화·금란중학교,86.3,서울 서대문구 성산로 520,126.944458336105,37.5625009004279
마포구,중동,중암중학교,86.3,서울 마포구 월드컵북로38길 25,126.90396227446432,37.57216601228331
송파구,가락동,송파중학교,86.3,서울 송파구 동남로 203,127.129946446074,37.4959197426485
동대문구,회기동,경희여자중학교,86.3,서울 동대문구 경희대로 26,127.05146424679107,37.594628590738516
동대문구,휘경동,휘경여자중학교,86.2,서울 동대문구 한천로 247,127.06772467655003,37.58237589363925
노원구,상계동,신상중학교,86.1,서울 노원구 동일로216길 42,127.063531264447,37.6516443867498
강서구,염창동,염경중학교,86.0,서울 강서구 양천로69길 35,126.870698764572,37.5545432231908
노원구,상계동,노원중학교,85.9,서울 노원구 동일로213길 26,127.059663025577,37.6494083648446
성동구,응봉동,광희중학교,85.9,서울 성동구 독서당로62길 46,127.033977204357,37.5511204686317
양천구,신정동,신서중학교,85.8,서울 양천구 중앙로 206,126.855572103218,37.5158763932506
송파구,장지동,송례중학교,85.7,서울 송파구 위례순환로 429,127.139705757768,37.4778199794338
강남구,청담동,청담중학교,85.6,서울 강남구 압구정로61길 36,127.045289342856,37.5286457328131
노원구,상계동,상계중학교,85.6,서울 노원구 노원로 398,127.068822011438,37.6527370137507
서대문구,홍은동,정원여자중학교,85.5,서울 서대문구 연희로37안길 51,126.933422893275,37.5853912694954
서대문구,북가좌동,가재울중학교,85.4,서울 서대문구 수색로 100-75,126.909926518754,37.5751439956454
동작구,동작동,동작중학교,85.4,서울 동작구 동작대로39가길 83,126.977229695452,37.4953186673182
노원구,상계동,상경중학교,85.1,서울 노원구 동일로227길 61,127.053425107239,37.6669660844686
송파구,잠실동,아주중학교,85.1,서울 송파구 올림픽로4길 69,127.07641758253,37.5050954863663
동작구,상도동,상현중학교,84.9,서울 동작구 사당로2길 2-19,126.96128558902,37.4942837664176
노원구,상계동,노일중학교,84.6,서울 노원구 동일로231길 24,127.053774364412,37.6734746051065
영등포구,여의도동,윤중중학교,84.6,서울 영등포구 여의동로3길 3,126.924142990083,37.5188920222347
강남구,자곡동,세곡중학교,84.6,서울 강남구 자곡로 81,127.091975314612,37.4719525467879
마포구,대흥동,숭문중학교,84.6,서울 마포구 숭문길 99,126.945104676082,37.5516207594309
강남구,일원2동,중동중학교,84.6,서울 강남구 일원로8길 37,127.078562850789,37.4887245952379
종로구,청운동,청운중학교,84.6,서울 종로구 창의문로 51,126.971109646009,37.5892123028091
도봉구,방학동,창동중학교,84.4,서울 도봉구 방학로 32,127.049600641568,37.6631223687219
은평구,진관동,진관중학교,84.1,서울 은평구 진관4로 36,126.925706743376,37.6437526939515
강북구,미아동,삼각산중학교,84.0,서울 강북구 삼양로19길 141,127.015512828756,37.6162156994321
종로구,동숭동,서울대학교사범대학부설여자중학교,83.9,서울 종로구 대학로 64,127.00391697698396,37.57796236659676
도봉구,쌍문동,정의여자중학교,83.8,서울 도봉구 노해로49길 69,127.032065599657,37.6535131603764
영등포구,문래동3가,양화중학교,83.8,서울 영등포구 당산로 56,126.896178939408,37.5198005869505
성북구,삼선동2가,한성여자중학교,83.7,서울 성북구 삼선교로16길 118,127.011724367297,37.581828014183
동작구,사당동,상도중학교,83.6,서울 동작구 사당로2가길 72,126.96147729579,37.4909140621411
중구,신당동,금호여자중학교,83.6,서울 중구 청구로 6,127.02048961062,37.5580252222912
송파구,문정동,문정중학교,83.6,서울 송파구 문정로 73,127.130123651685,37.4885565208071
양천구,신정동,금옥중학교,83.5,서울 양천구 신정로 213,126.844222357179,37.5104054941364
도봉구,창동,창일중학교,83.5,서울 도봉구 노해로66길 60,127.046853431412,37.6488050830694
용산구,서빙고동,한강중학교,83.4,서울 용산구 녹사평대로 73,126.992094755249,37.5241058934232
동작구,대방동,성남중학교,83.4,서울 동작구 대방동길 74,126.927414758177,37.5044708037554
성북구,돈암동,고명중학교,83.3,서울 성북구 북악산로 870,127.019716859455,37.5976114354144
강남구,논현동,언북중학교,83.3,서울 강남구 도산대로38길 27,127.033184528594,37.519333389403
노원구,하계동,하계중학교,83.2,서울 노원구 노원로 261-8,127.07141503303126,37.64115423107286
마포구,신수동,신수중학교,83.1,서울 마포구 신수로 49,126.933688374116,37.5464647927042
영등포구,당산동6가,당산중학교,83.1,서울 영등포구 버드나루로 160,126.907634120403,37.5320745379211
송파구,가락동,석촌중학교,83.0,서울 송파구 송이로15길 13,127.120867403641,37.5010939458051
노원구,월계동,녹천중학교,83.0,서울 노원구 월계로 376,127.062050563627,37.6316685506305
마포구,염리동,동도중학교,82.9,서울 마포구 백범로 139,126.946792295416,37.5464353844485
강동구,천호동,성덕여자중학교,82.9,서울 강동구 구천면로 396,127.141600423519,37.5495808358662
노원구,상계동,청원중학교,82.8,서울 노원구 한글비석로 506,127.061730609574,37.6666845282111
강서구,방화동,삼정중학교,82.7,서울 강서구 금낭화로 210,126.81093004824,37.5815645564793
도봉구,방학동,신방학중학교,82.7,서울 도봉구 시루봉로 156,127.029812463199,37.6641129011156
송파구,풍납동,풍성중학교,82.6,서울 송파구 강동대로2길 27,127.11278321623891,37.52561464529711
강남구,신사동,신구중학교,82.6,서울 강남구 압구정로36길 17,127.032237703544,37.5271723736614
관악구,봉천동,구암중학교,82.6,서울 관악구 성현로 53,126.948490290294,37.492905745776
성북구,동소문동1가,삼선중학교,82.5,서울 성북구 동소문로3길 69,127.00774475460221,37.59115451980146
성동구,성수동1가,성수중학교,82.4,서울 성동구 서울숲길 18,127.038940917595,37.5471869782801
구로구,오류동,오남중학교,82.4,서울 구로구 오리로9길 25,126.837070290622,37.4871787394215
송파구,풍납동,풍납중학교,82.4,서울 송파구 올림픽로43길 20,127.11654930778,37.5256488309231
관악구,봉천동,서울문영여자중학교,82.4,서울 관악구 관악로 85,126.951555638247,37.4739858624911
강동구,성내동,성내중학교,82.2,서울 강동구 성안로7길 36,127.129800528886,37.5292065800993
강서구,등촌동,등명중학교,82.0,서울 강서구 공항대로39길 39,126.843294858665,37.5601682911461
강동구,둔촌동,동북중학교,82.0,서울 강동구 강동대로 305,127.140540725929,37.5203860956357
송파구,거여동,거원중학교,82.0,서울 송파구 양산로2길 30,127.146540477381,37.4879065938952
노원구,상계동,상원중학교,81.9,서울 노원구 수락산로 182,127.05946315529,37.6715978366926
송파구,오금동,세륜중학교,81.8,서울 송파구 양재대로72길 41,127.131000084599,37.5086948321193
중구,신당동,한양중학교,81.7,서울 중구 을지로 299,127.01086160889244,37.5657354279555
영등포구,문래동6가,문래중학교,81.6,서울 영등포구 선유서로13길 6,126.8841916952,37.5205174517901
마포구,신수동,광성중학교,81.5,서울 마포구 신수로8길 20,126.93654923893956,37.54891527905734
영등포구,양평동3가,선유중학교,81.4,서울 영등포구 선유로 213,126.894477044084,37.5330618235163
중구,정동,창덕여자중학교,81.4,서울 중구 정동길 22,126.969334590307,37.566387870132
노원구,공릉동,한천중학교,81.3,서울 노원구 공릉로 265,127.072364148995,37.6314320236442
서대문구,북아현동,중앙여자중학교,81.2,서울 서대문구 북아현로11가길 7,126.952594263538,37.5620899891163
광진구,자양동,자양중학교,81.2,서울 광진구 뚝섬로41길 33,127.074606675947,37.5355505392486
송파구,송파동,일신여자중학교,81.2,서울 송파구 송파대로38길 8,127.113240157443,37.5008456179046
구로구,구로동,구일중학교,81.1,서울 구로구 구일로 90-133,126.874080519619,37.4952069025668
성북구,종암동,서울대학교사범대학부설중학교,81.1,서울 성북구 월곡로 36,127.03916779620215,37.59580460074253
양천구,목동,영도중학교,81.0,서울 양천구 목동중앙남로 27,126.865992517232,37.5358909092134
노원구,공릉동,공릉중학교,80.9,서울 노원구 노원로1길 42,127.083700980477,37.6223894338436
성동구,행당동,무학중학교,80.6,서울 성동구 행당로 120,127.032051628037,37.5576262109444
서초구,우면동,영동중학교,80.5,서울 서초구 성촌길 14,127.025175845238,37.4658083299588
동대문구,전농동,전농중학교,80.5,서울 동대문구 사가정로13길 71,127.059704137564,37.5818089929221
동작구,흑석동,중앙대학교사범대학부속중학교,80.5,서울 동작구 서달로 124,126.961294060112,37.50416240107
노원구,상계동,수락중학교,80.4,서울 노원구 동일로 1729,127.054697444806,37.68327322524
용산구,청파동3가,신광여자중학교,80.4,서울 용산구 청파로 263,126.970185907783,37.5433369629498
중구,신당동,대경중학교,80.2,서울 중구 매봉18길 111,127.0171539277391,37.5565021675095
금천구,시흥동,동일중학교,80.1,서울 금천구 탑골로10길 45,126.917040489912,37.4522595013441
강동구,길동,신명중학교,80.0,서울 강동구 명일로24길 25,127.149537456547,37.5414908976502
강남구,수서동,수서중학교,80.0,서울 강남구 광평로59길 57,127.102514829977,37.4910704831041
서대문구,연희동,연북중학교,80.0,서울 서대문구 연희로36길 32,126.938311377372,37.5775192420191
중구,신당동,장충중학교,79.7,서울 중구 동호로15길 93,127.006197185333,37.5531794703226
강동구,강일동,강명중학교,79.7,서울 강동구 상일로12길 56,127.17507913039,37.5554536902756
송파구,장지동,문현중학교,79.6,서울 송파구 충민로 99,127.127776376749,37.4806518374859
관악구,봉천동,인헌중학교,79.6,서울 관악구 인헌9길 35,126.9693546126,37.47320613842
송파구,풍납동,영파여자중학교,79.6,서울 송파구 올림픽로 565,127.120448430524,37.533134040036
동작구,본동,동양중학교,79.5,서울 동작구 흑석로9길 94,126.956133389994,37.5101396663338
양천구,신월동,강신중학교,79.4,서울 양천구 남부순환로 604,126.838742199647,37.5152347251676
동대문구,신설동,대광중학교,79.3,서울 동대문구 안암로 6,127.024806210693,37.5785634913082
성북구,정릉3동,북악중학교,79.3,서울 성북구 정릉로12길 41,127.001879968915,37.6068139822044
중랑구,상봉동,상봉중학교,79.3,서울 중랑구 상봉중앙로8나길 28,127.090286344277,37.6014239773732
은평구,갈현동,선일여자중학교,79.2,서울 은평구 갈현로29길 27,126.91274059679,37.6198785073888
강동구,암사동,신암중학교,79.2,서울 강동구 고덕로 65,127.133079027119,37.5558797093339
동작구,신대방동,문창중학교,79.1,서울 동작구 여의대방로22나길 40,126.922248348918,37.4959079603458
성동구,성수동1가,경일중학교,79.0,서울 성동구 성수일로 27,127.048670413187,37.5435901844374
서초구,방배동,이수중학교,78.9,서울 서초구 방배중앙로3길 32,126.990136536673,37.4811782296789
마포구,성산동,홍익대학교사범대학부속여자중학교,78.9,서울 마포구 성미산로 51,126.913543825878,37.5600496193036
성동구,옥수동,옥정중학교,78.9,서울 성동구 한림말길 11,127.012229512773,37.5415921541117
송파구,오금동,보인중학교,78.8,서울 송파구 오금로49길 18,127.138006754263,37.4982279887818
동대문구,휘경동,전동중학교,78.8,서울 동대문구 장안벚꽃로 291,127.071069682159,37.5854535215831
노원구,중계동,중원중학교,78.8,서울 노원구 공릉로 420,127.068021044909,37.6442718397897
구로구,고척동,고척중학교,78.6,서울 구로구 중앙로3길 20,126.862152459954,37.5002031788672
성동구,마장동,마장중학교,78.5,서울 성동구 마장로35나길 31,127.041944953123,37.5687089705147
노원구,월계동,광운중학교,78.4,서울 노원구 광운로1길 24,127.05587747162315,37.62109765587682
금천구,독산동,안천중학교,78.4,서울 금천구 한내로 69-44,126.887427974873,37.4595512258661
광진구,구의동,동국대학교사범대학부속가람중학교,78.2,서울 광진구 광나루로36길 47,127.087341127698,37.5424939226997
동대문구,전농동,전일중학교,78.2,서울 동대문구 사가정로13길 67,127.058522197486,37.5818167927529
서초구,양재동,언남중학교,78.0,서울 서초구 동산로 55,127.044147605822,37.4725567418696
강동구,상일동,상일여자중학교,77.9,서울 강동구 천호대로219길 61,127.170394160475,37.549665331233
관악구,신림동,삼성중학교,77.8,서울 관악구 신림로3가길 39-24,126.943013936694,37.4675200046184
강동구,강일동,강동중학교,77.8,서울 강동구 풍산로 237,127.17788002336977,37.56967441970801
종로구,송현동,덕성여자중학교,77.8,서울 종로구 율곡로3길 49,126.98190952632,37.577660113364
강서구,등촌동,등원중학교,77.8,서울 강서구 화곡로65길 50,126.8517252414,37.5598115729951
동작구,상도동,국사봉중학교,77.6,서울 동작구 양녕로20길 20,126.943989223656,37.493610087073
동작구,상도동,장승중학교,77.5,서울 동작구 장승배기로10가길 25,126.940611399134,37.5037645792242
노원구,중계동,재현중학교,77.4,서울 노원구 덕릉로82길 64,127.080816101766,37.6612995462616
성북구,종암1동,종암중학교,77.4,서울 성북구 종암로5길 80-17,127.03228886702,37.5933307580726
관악구,신림동,광신중학교,77.4,서울 관악구 광신길 141,126.925097003497,37.4652430621285
관악구,봉천동,봉원중학교,77.4,서울 관악구 관악로24가길 15,126.958590877742,37.4840257807089
은평구,갈현2동,대성중학교,77.2,서울 은평구 갈현로29길 51-24,126.909407286189,37.6224708388511
노원구,상계동,온곡중학교,77.2,서울 노원구 노원로 492,127.064509001926,37.6605743906422
은평구,구산동,예일여자중학교,77.0,서울 은평구 연서로 117,126.915972551659,37.6105213870954
성동구,마장동,동마중학교,76.9,서울 성동구 마조로11길 18,127.039935958803,37.5627018257423
마포구,노고산동,창천중학교,76.9,서울 마포구 백범로1길 56,126.939094978874,37.5550163763589
중구,신당동,장원중학교,76.9,서울 중구 동호로15길 93-34,127.005486503279,37.5535218847108
광진구,자양동,광양중학교,76.8,서울 광진구 자양로3길 7,127.085711597685,37.5305298330056
서대문구,충정로2가,인창중학교,76.6,서울 서대문구 경기대로 65,126.964205329834,37.5653304591007
강서구,등촌동,마포중학교,76.6,서울 강서구 화곡로 403,126.852879255063,37.5600256517208
구로구,개봉동,경인중학교,76.3,서울 구로구 경인로 301,126.854746768353,37.4981616367083
강서구,방화동,방원중학교,76.1,서울 강서구 금낭화로 268,126.808679866483,37.5760648750354
서대문구,연희동,서연중학교,76.1,서울 서대문구 연희로11마길 9-6,126.927470594338,37.5682904965353
광진구,자양동,광진중학교,76.1,서울 광진구 뚝섬로64길 45,127.089587144011,37.5320190144575
송파구,오금동,오주중학교,76.0,서울 송파구 동남로 281,127.136497245209,37.5014445301323
마포구,합정동,성산중학교,75.9,서울 마포구 성지1길 32-13,126.915929994498,37.5476680309745
강동구,고덕동,배재중학교,75.8,서울 강동구 고덕로 227,127.149606647946,37.555730180714
중랑구,묵동,태릉중학교,75.4,서울 중랑구 공릉로2길 60-25,127.08327769075,37.6125545493253
강북구,수유3동,강북중학교,75.2,서울 강북구 한천로150길 67,127.026305887171,37.6451390450464
동대문구,회기동,경희중학교,75.1,서울 동대문구 경희대로 26,127.054881382291,37.5943207141803
도봉구,창동,창북중학교,75.1,서울 도봉구 노해로62길 33,127.038359984824,37.6500406955854
용산구,서계동,배문중학교,75.1,서울 용산구 효창원로 258,126.963891319163,37.5499052902713
강북구,미아동,성암여자중학교,75.0,서울 강북구 도봉로29길 52,127.024099703901,37.6204236741663
동작구,대방동,영등포중학교,75.0,서울 동작구 등용로8길 5,126.933781692452,37.507473089242
은평구,불광동,불광중학교,74.9,서울 은평구 불광로 180,126.932179296878,37.6233150325635
마포구,성산동,성사중학교,74.8,서울 마포구 모래내로9길 16,126.912968315881,37.568309528171
관악구,신림동,미성중학교,74.8,서울 관악구 문성로16길 40,126.912108455027,37.4753867005167
송파구,오금동,오금중학교,74.8,서울 송파구 오금로35길 20,127.128899688892,37.5053598223089
용산구,용산동2가,보성여자중학교,74.8,서울 용산구 신흥로3가길 66,126.984448138602,37.542525198976
강북구,미아동,창문여자중학교,74.8,서울 강북구 월계로 61,127.036750964316,37.6133891003557
중랑구,망우동,혜원여자중학교,74.7,서울 중랑구 봉우재로58길 39,127.096725229285,37.5925927686541
성북구,상월곡동,월곡중학교,74.7,서울 성북구 장월로 6,127.048095537204,37.6068834840817
마포구,아현동,아현중학교,74.6,서울 마포구 마포대로 247,126.956921460111,37.5558531437752
은평구,신사동,숭실중학교,74.6,서울 은평구 은평터널로7길 6,126.905348202694,37.5933296587156
용산구,용산동2가,용산중학교,74.4,서울 용산구 두텁바위로 74,126.981007374789,37.5460241771465
강서구,공항동,공항중학교,74.4,서울 강서구 방화대로 241,126.815341532762,37.5629353828473
강북구,미아동,신일중학교,74.4,서울 강북구 솔매로49길 20,127.028447701178,37.6280126213361
성북구,장위동,장위중학교,74.3,서울 성북구 장위로4길 70,127.041887306487,37.6112826789867
동대문구,제기동,정화여자중학교,74.3,서울 동대문구 홍릉로15길 50,127.04061273673395,37.58551297949713
영등포구,영등포동,영원중학교,74.2,서울 영등포구 영등포로62길 31,126.913862083069,37.5155945081492
강동구,둔촌동,둔촌중학교,74.2,서울 강동구 진황도로61길 25-30,127.146506448862,37.5306754909171
관악구,봉천동,관악중학교,74.2,서울 관악구 남부순환로237길 60,126.961912184448,37.4806715414048
서대문구,북아현동,한성중학교,74.1,서울 서대문구 북아현로1길 24,126.955311861269,37.5600872323276
노원구,월계동,염광중학교,74.1,서울 노원구 월계로45가길 9,127.050484875624,37.6299477768999
종로구,행촌동,대신중학교,74.0,서울 종로구 사직로 9,126.96217727547054,37.573730708285574
양천구,신월5동,신월중학교,73.9,서울 양천구 남부순환로29길 25,126.828991805646,37.5410472972819
서대문구,남가좌동,연희중학교,73.8,서울 서대문구 증가로 170,126.918796964136,37.579453578229
강서구,등촌동,백석중학교,73.7,서울 강서구 등촌로51나길 35,126.858958714072,37.5483237119528
서대문구,홍은동,명지중학교,73.5,서울 서대문구 명지2길 56,126.92674824303882,37.584654808889916
마포구,연남동,경성중학교,73.5,서울 마포구 성미산로 111,126.919637980386,37.5637732377837
용산구,청파동3가,선린중학교,73.0,서울 용산구 원효로97길 33-4,126.965039963658,37.5425931279867
강서구,내발산동,수명중학교,73.0,서울 강서구 수명로2길 16,126.823537383052,37.5489500361318
은평구,불광동,연천중학교,72.9,서울 은평구 연서로41길 30,126.925768448973,37.6272863273394
금천구,시흥동,시흥중학교,72.9,서울 금천구 시흥대로38길 60,126.905439201376,37.4459941501577
강서구,마곡동,마곡중학교,72.6,서울 강서구 마곡중앙5로 58,126.8213554757,37.5679613758507
강북구,미아동,미양중학교,72.6,서울 강북구 인수봉로 39,127.012328971075,37.6232726114748
송파구,방이동,방이중학교,72.4,서울 송파구 오금로11길 64,127.113215901904,37.5147391301544
중랑구,상봉동,신현중학교,72.0,서울 중랑구 봉화산로 162,127.091626242913,37.6043854001614
관악구,신림동,성보중학교,71.8,서울 관악구 남부순환로156길 39,126.921572700613,37.4802011469665
동대문구,제기동,성일중학교,71.8,서울 동대문구 왕산로23길 55,127.034117790089,37.58146957548
은평구,구산동,은평중학교,71.6,서울 은평구 갈현로17나길 12-1,126.908565466992,37.6105987716446
도봉구,쌍문동,신도봉중학교,71.5,서울 도봉구 도봉로115길 16,127.033342144533,37.6496493918382
중구,만리동2가,환일중학교,71.5,서울 중구 환일길 47,126.962775949564,37.553577412433
동대문구,답십리동,숭인중학교,71.4,서울 동대문구 천호대로47길 34,127.043908424609,37.573753829491
강서구,화곡동,신정여자중학교,71.4,서울 강서구 등촌로13아길 20,126.85640722404,37.5381249345548
서대문구,연희동,신연중학교,71.2,서울 서대문구 모래내로 408,126.9397018318,37.5827925757805
노원구,중계동,상계제일중학교,71.2,서울 노원구 덕릉로86길 29-15,127.077842265502,37.6613411893883
서대문구,홍제동,인왕중학교,71.1,서울 서대문구 세검정로4길 69,126.951777701251,37.5927234613234
도봉구,도봉동,북서울중학교,71.1,서울 도봉구 도봉로169가길 33,127.042960601276,37.6814292774922
마포구,성산동,성서중학교,71.1,서울 마포구 성산로4길 42,126.909398197399,37.5627170643045
종로구,혜화동,경신중학교,71.0,서울 종로구 혜화로 74,127.001390429004,37.5909637553509
동작구,사당동,사당중학교,70.9,서울 동작구 사당로9가길 58,126.969027565931,37.4877122993195
광진구,화양동,구의중학교,70.9,서울 광진구 광나루로30길 80,127.079217019013,37.5428059919186
종로구,계동,중앙중학교,70.8,서울 종로구 창덕궁길 164,126.986866495504,37.5861769603288
광진구,광장동,광장중학교,70.8,서울 광진구 광장로1길 1,127.101808707054,37.5472972737522
서대문구,홍은동,홍은중학교,70.7,서울 서대문구 연희로41길 94,126.935314096497,37.5927191908502
강북구,우이동,서라벌중학교,70.5,서울 강북구 삼양로155길 37-9,127.010607419849,37.65687590377
성동구,사근동,한양대학교사범대학부속중학교,70.4,서울 성동구 마조로 42,127.043244890734,37.5617023559385
강서구,가양동,경서중학교,70.1,서울 강서구 양천로59길 31,126.858141522273,37.5615421611145
동작구,대방동,강남중학교,69.8,서울 동작구 대방동15길 29,126.922806768886,37.5027055159481
양천구,목동,양동중학교,69.7,서울 양천구 목동중앙북로 49,126.868935718779,37.5479820162672
노원구,월계동,신창중학교,69.7,서울 노원구 월계로45길 92,127.047502194403,37.6283957150362
구로구,궁동,우신중학교,69.6,서울 구로구 부일로 917,126.826235232438,37.4962562561856
은평구,증산동,연서중학교,69.5,서울 은평구 증산서길 125-6,126.909744874795,37.5868279399519
도봉구,쌍문동,효문중학교,69.4,서울 도봉구 우이천로 432,127.018394089426,37.6521285709226
용산구,보광동,오산중학교,69.3,서울 용산구 보광로7길 17,126.999542971669,37.5239908287871
구로구,구로동,구로중학교,69.2,서울 구로구 구로중앙로 48,126.890297245525,37.4947149067958
송파구,삼전동,배명중학교,69.2,서울 송파구 삼학사로 11,127.095695262073,37.4990879540052
강서구,등촌동,등촌중학교,69.2,서울 강서구 공항대로 484-12,126.859231514504,37.5524938548861
강동구,천호동,천일중학교,69.1,서울 강동구 천중로 57,127.127910377764,37.5459492185554
은평구,신사동,덕산중학교,69.1,서울 은평구 가좌로 400,126.904395016738,37.6020108384228
구로구,구로동,영림중학교,69.0,서울 구로구 가마산로27길 17,126.890346787424,37.4979549712812
강동구,고덕동,고덕중학교,69.0,서울 강동구 동남로82길 94,127.160883780116,37.5601770870189
구로구,천왕동,천왕중학교,68.9,서울 구로구 천왕로 63,126.837563874128,37.4827248380949
양천구,신월동,양천중학교,68.9,서울 양천구 지양로7길 32,126.830805057577,37.5197610705145
은평구,갈현동,선정중학교,68.8,서울 은평구 서오릉로20길 19,126.908225022462,37.6185199965323
관악구,난곡동,난우중학교,68.8,서울 관악구 난곡로16길 32,126.922870736713,37.4668922823638
광진구,자양동,건국대학교사범대학부속중학교,68.8,서울 광진구 자양로 145-1,127.082537416626,37.5411638987574
성동구,행당동,행당중학교,68.7,서울 성동구 왕십리로 189,127.042077385165,37.5546137320834
성동구,성수동2가,경수중학교,68.6,서울 성동구 뚝섬로13길 14,127.058353381779,37.5395673380555
동대문구,장안동,동국대학교사범대학부속중학교,68.4,서울 동대문구 장안벚꽃로 201,127.075667885359,37.5780084578762
성북구,정릉동,고려대학교사범대학부속중학교,68.4,서울 성북구 정릉로 161,127.001032899831,37.6103891190394
강동구,천호동,동신중학교,68.1,서울 강동구 진황도로 72,127.134316913705,37.5368275975969
동대문구,청량리동,청량중학교,68.0,서울 동대문구 왕산로 301,127.051099679744,37.5880659229738
관악구,신림동,남서울중학교,67.9,서울 관악구 남부순환로172길 97,126.921249614083,37.4821038626225
중랑구,망우동,영란여자중학교,67.8,서울 중랑구 망우로73길 56,127.104503559337,37.6035421855316
영등포구,대림동,영남중학교,67.8,서울 영등포구 대림로31나길 17,126.89659398526852,37.497737155264105
성북구,하월곡동,숭곡중학교,67.8,서울 성북구 종암로 208,127.031285209639,37.6085217307521
강북구,번동,번동중학교,67.8,서울 강북구 오현로35길 87,127.036157677801,37.6325154413651
관악구,신림동,남강중학교,67.2,서울 관악구 난곡로34길 80,126.92506805066,37.4716005756348
은평구,구산동,구산중학교,67.2,서울 은평구 갈현로15길 20-23,126.908996804276,37.6098098387089
광진구,자양동,신양중학교,67.1,서울 광진구 자양강변길 73,127.063363038023,37.5335136376514
도봉구,쌍문동,백운중학교,67.1,서울 도봉구 도봉로129길 50,127.035802130828,37.656506950914
도봉구,도봉2동,도봉중학교,67.1,서울 도봉구 마들로 671,127.045715631147,37.6707894805097
구로구,개봉동,개봉중학교,66.9,서울 구로구 고척로21나길 68,126.842188874755,37.5028127353151
동작구,사당4동,남성중학교,66.7,서울 동작구 남부순환로269길 166,126.97244097358,37.4790454417324
중랑구,망우동,송곡여자중학교,66.6,서울 중랑구 양원역로 67,127.104987207034,37.6060212799564
양천구,신월2동,신남중학교,66.5,서울 양천구 중앙로29길 109,126.848346299336,37.5204047854605
은평구,응암동,영락중학교,66.5,서울 은평구 백련산로 134-6,126.925182582784,37.5969586751597
은평구,신사동,상신중학교,66.3,서울 은평구 증산로15길 61,126.906439619423,37.5898130568815
동대문구,장안동,장평중학교,66.2,서울 동대문구 답십리로72길 158,127.070766569089,37.5666445463663
강북구,수유동,화계중학교,66.1,서울 강북구 화계사길 63,127.009974049893,37.6324160456611
은평구,불광동,연신중학교,66.0,서울 은평구 연서로33길 16-32,126.924965760426,37.6234259924033
강동구,천호동,천호중학교,65.7,서울 강동구 상암로 153,127.139317590978,37.5463759981614
관악구,봉천동,봉림중학교,65.5,서울 관악구 장군봉길 72,126.938210159351,37.4807047719565
광진구,중곡동,용곡중학교,65.5,서울 광진구 용마산로22길 76,127.088935243662,37.5661168883261
동대문구,휘경동,휘경중학교,65.3,서울 동대문구 망우로18나길 20,127.062058823168,37.5870839939152
성동구,성수동2가,성원중학교,65.3,서울 성동구 성덕정9가길 13,127.052342674179,37.5392602112427
금천구,독산동,가산중학교,65.3,서울 금천구 시흥대로115길 48,126.894386411848,37.4689137496275
동작구,상도동,강현중학교,65.2,서울 동작구 상도로13라길 22,126.9307637126858,37.503060037660624
강서구,공항동,송정중학교,65.2,서울 강서구 남부순환로 121,126.815096496822,37.5540007233479
강서구,방화동,방화중학교,65.0,서울 강서구 개화동로27길 9,126.80663821025,37.5653433241133
관악구,봉천동,당곡중학교,64.9,서울 관악구 봉천로13길 101,126.933170957487,37.4922349320296
중랑구,면목동,면목중학교,64.8,서울 중랑구 용마산로70길 37,127.096088272341,37.5833130677651
금천구,시흥동,문일중학교,64.8,서울 금천구 시흥대로47길 45,126.899073575709,37.4501047164247
중랑구,면목동,용마중학교,64.6,서울 중랑구 면목로28길 18,127.086001734623,37.5743073053725
강북구,수유동,인수중학교,64.2,서울 강북구 인수봉로75길 10,127.00971722948,37.6437864976942
양천구,신월동,양강중학교,64.1,서울 양천구 중앙로 319,126.849432421974,37.5248246881521
구로구,고척동,오류중학교,63.9,서울 구로구 고척로27바길 19,126.846508094312,37.5077018707347
성북구,석관동,석관중학교,63.9,서울 성북구 한천로 526,127.066583774768,37.6081250748608
중랑구,중화동,중랑중학교,63.9,서울 중랑구 동일로140길 33,127.0813806096129,37.60529750358918
동대문구,전농1동,동대문중학교,63.8,서울 동대문구 사가정로 59,127.05239464675,37.5747126304285
금천구,독산동,세일중학교,63.8,서울 금천구 시흥대로147길 34,126.895698937273,37.4745372181855
성북구,안암동2가,용문중학교,63.7,서울 성북구 고려대로17가길 46,127.0244393454993,37.588738485266546
중랑구,중화1동,장안중학교,63.7,서울 중랑구 동일로 780,127.081289752229,37.6008971304595
관악구,신림동,신림중학교,63.6,서울 관악구 신림로 40,126.945371969491,37.4706205952101
성북구,성북동,홍익대학교사범대학부속중학교,63.5,서울 성북구 성북로14가길 23,127.00272774191963,37.59372166853255
강북구,수유동,수유중학교,63.5,서울 강북구 인수봉로37길 40,127.010780593847,37.6318573634638
관악구,신림동,신관중학교,63.3,서울 관악구 신림로48길 17-16,126.934258023384,37.4801800538491
은평구,증산동,증산중학교,63.1,서울 은평구 증산로5길 27-30,126.904196550075,37.5836881123706
금천구,독산동,난곡중학교,62.8,서울 금천구 문성로 67,126.91091613225,37.477923050104
구로구,구로동,영서중학교,62.7,서울 구로구 도림로20길 35,126.894362186495,37.4893377980768
양천구,신월동,신화중학교,62.6,서울 양천구 남부순환로29길 35,126.83010510605,37.5410957561923
강서구,화곡동,화원중학교,62.1,서울 강서구 강서로17나길 86,126.842574485942,37.5367522012099
노원구,월계동,월계중학교,61.6,서울 노원구 월계로45가길 54,127.052529152001,37.6307902074877
금천구,독산동,문성중학교,61.6,서울 금천구 독산로102길 78,126.907885083458,37.4751672412331
중랑구,면목동,중화중학교,61.3,서울 중랑구 용마산로 364,127.095279230346,37.5845534898844
영등포구,대림동,대림중학교,60.3,서울 영등포구 시흥대로185길 6,126.907750821978,37.4924196433746
강북구,번동,수송중학교,60.2,서울 강북구 한천로122길 21,127.033966372716,37.636891278005
영등포구,신길동,대영중학교,59.3,서울 영등포구 도림로80가길 14,126.904887374275,37.5033627951705
금천구,시흥동,한울중학교,58.9,서울 금천구 독산로50길 60,126.907095854101,37.4624803943462
중구,인현동2가,덕수중학교,58.1,서울 중구 마른내로9길 10,126.997224619126,37.5654259523093
성북구,장위동,남대문중학교,56.5,서울 성북구 한천로 660-30,127.055859766377,37.6186289580233
도봉구,방학동,방학중학교,56.1,서울 도봉구 시루봉로 188,127.031381701554,37.6656297458357
종로구,혜화동,동성중학교,55.9,서울 종로구 대학로 156,127.002567809019,37.5856658990268
구로구,개봉동,개웅중학교,55.4,서울 구로구 개봉로11길 81,126.851108353769,37.4875468554066
중랑구,망우동,봉화중학교,54.2,서울 중랑구 망우로70길 89,127.104171604165,37.5961291294239
은평구,응암동,충암중학교,52.6,서울 은평구 가좌로5길 5,126.921933614713,37.5852472792404
중랑구,망우동,동원중학교,51.9,서울 중랑구 양원역로 32,127.10883448463,37.6038121720786
양천구,신월동,신원중학교,51.4,서울 양천구 가로공원로55길 19,126.824140426068,37.5369568443995
양천구,신월동,양서중학교,49.5,서울 양천구 남부순환로 380,126.82898840221,37.532628353514
